rule_id,class,syllable_type,length,tone_mark,tone,contour,status
VNT-H-L-ANY-NONE,high,live,*,none,low-rising,˩˥,well-supported
VNT-M-L-ANY-NONE,middle,live,*,none,low-rising,˩˥,well-supported
VNT-L-L-ANY-NONE,low,live,*,none,high-rising,˧˥,well-supported
VNT-H-D-LONG-NONE,high,dead,long,none,low-falling,˥˩,well-supported
VNT-M-D-LONG-NONE,middle,dead,long,none,low-falling,˥˩,well-supported
VNT-L-D-LONG-NONE,low,dead,long,none,high-falling,˥˩,well-supported
VNT-H-D-SHORT-NONE,high,dead,short,none,high-rising,˧˥,well-supported
VNT-M-D-SHORT-NONE,middle,dead,short,none,high-rising,˧˥,well-supported
VNT-L-D-SHORT-NONE,low,dead,short,none,high-mid,˥,well-supported
VNT-H-ANY-ANY-EK,high,*,*,mai_ek,high-mid,˧,well-supported
VNT-M-ANY-ANY-EK,middle,*,*,mai_ek,high-mid,˧,well-supported
VNT-L-ANY-ANY-EK,low,*,*,mai_ek,high-mid,˧,well-supported
VNT-H-ANY-ANY-THO,high,*,*,mai_tho,low-falling,˥˩,well-supported
VNT-M-ANY-ANY-THO,middle,*,*,mai_tho,high-falling,˥˩,well-supported
VNT-L-ANY-ANY-THO,low,*,*,mai_tho,high-falling,˥˩,well-supported
