ipa,candidates,preferred_score,rationale,status
k,к,1.0,shared stop place and manner,established
kʰ,к,0.96,aspiration remains analytical rather than an added х in practical Ukrainian,project-policy
ŋ,нг,0.98,explicit velar nasal sequence,project-policy
ɲ,нь|н,0.90,Ukrainian palatalized n is closer,project-policy
tɕ,ч,1.0,closest Ukrainian affricate target,established
t,т,1.0,shared alveolar stop,established
tʰ,т,0.95,aspiration remains in IPA only,project-policy
p,п,1.0,shared stop,established
pʰ,п,0.96,aspiration remains in IPA only,project-policy
b,б,1.0,shared voiced stop,established
m,м,1.0,shared nasal,established
n,н,1.0,shared nasal,established
s,с,1.0,shared fricative,established
f,ф,1.0,shared fricative,established
h,г,0.92,Ukrainian /ɦ/ is a practical approximation to Lao /h/,project-policy
j,й,0.96,glide target,project-policy
w,в|у,0.82,context-dependent Ukrainian approximation,project-policy
r,р,0.96,consonantal rhotic approximation,project-policy
l,л,0.96,shared lateral,project-policy
ʔ,∅,0.80,glottal stop is not independently represented,project-policy
a,а,1.0,shared vowel quality,established
aː,а,0.95,quantity is analytical rather than doubled,project-policy
i,і,1.0,shared high front vowel,established
iː,і,0.95,quantity neutralization,project-policy
ɯ,и,0.84,Ukrainian и is an explicit approximation,project-policy
ɯː,и,0.82,quantity neutralization,project-policy
u,у,1.0,shared high back rounded vowel,established
uː,у,0.95,quantity neutralization,project-policy
e,е,1.0,shared mid front vowel,established
eː,е,0.95,quantity neutralization,project-policy
ɛ,е,0.82,explicit approximation,project-policy
ɛː,е,0.80,explicit approximation,project-policy
o,о,1.0,shared mid back rounded vowel,established
oː,о,0.95,quantity neutralization,project-policy
ɔ,о,0.82,explicit approximation,project-policy
ɔː,о,0.80,explicit approximation,project-policy
ɤ,е,0.76,no exact Ukrainian target,project-policy
ɤː,е,0.74,no exact Ukrainian target,project-policy
iə,іа,0.78,transparent diphthong sequence,project-policy
ɯə,иа,0.66,analysis-dependent approximation,analysis-dependent
uə,уа,0.78,transparent vowel sequence,project-policy
ai,ай,0.95,transparent glide sequence,project-policy
aːi,ай,0.88,quantity neutralization,project-policy
ao,ау,0.88,transparent glide sequence,project-policy
am,ам,0.90,Sara Am remains a structural vowel unit,project-policy
