source_id,author,year,title,type,url,scope
SRC-UNICODE,Unicode Consortium,2025,The Unicode Standard Chapter 16: Southeast Asia,standard,https://www.unicode.org/versions/latest/ch16.pdf,Lao Unicode and orthographic structure
SRC-MOREV,Morev L.N.; Moskalev A.A.; Plam Yu.Ya.,1972,Lao Language,grammar/reference,,phonology and Russian practical tradition
SRC-MOREV-DICT,Morev L.N.; Vasilieva V.Kh.; Plam Yu.Ya.,1982,Lao-Russian Dictionary,reference,,Russian lexical practice
SRC-BOIKO,Boiko K.T.,1988,Dictionary of Geographical Names of Laos,reference,,geographical-name practice
SRC-SEASITE,SEAsite / Northern Illinois University,2000s,Vientiane Lao pronunciation materials,educational reference,https://seasite.niu.edu/lao/,tone classes and live/dead
SRC-UEDA,Ueda Reiko,1994,A Phonological Description of Vientiane Lao,article,https://www.jstage.jst.go.jp/,phonological inventory and tones
SRC-ENFIELD,Enfield N.J.,2007,A Grammar of Lao,grammar,,Vientiane-oriented phonology and regional variation
SRC-RU-WEB,Russian practical transcription compilation,2020s,Lao-Russian practical transcription,secondary,https://ru.wikipedia.org/wiki/Лаосско-русская_практическая_транскрипция,legacy Cyrillic table and source pointers
SRC-ASEANIE,Aséanie editorial team,2008,Système de transcription du lao,editorial transcription,https://www.persee.fr/doc/asean_0859-9009_2008_num_22_1_2394,independent transcription comparison
SRC-SERBIA-RGZ,Republic Geodetic Authority of Serbia,2025,Names of countries in Serbian,official geographical names,https://www.rgz.gov.rs/,Vientiane as Вијентијан
SRC-SERBIA-MFA,Ministry of Foreign Affairs of Serbia,2026,Laos bilateral page,official government source,https://www.mfa.gov.rs/en/foreign-policy/bilateral-cooperation/laos,capital exonym
SRC-BULGARIA-MFA,Ministry of Foreign Affairs of Bulgaria,2025,Laos country information,official government source,https://www.mfa.bg/bg/embassyinfo/laos,capital as Виентян
SRC-BULGARIA-UNGEGN,Bulgaria at UNGEGN,2015,Orthography and transcription of geographical names in Bulgaria,standards paper,https://digitallibrary.un.org/record/3924195/,target-language phonetics and orthography principle
SRC-UA-INVENTORY,ClippyFirst,2026,Ukrainian Phonetic Inventory,canonical target repository,https://github.com/ClippyFirst/Ukrainian-Phonetic-Inventory,Ukrainian feature space and orthography
